Channel Number,Angle of Rotation, Scale, X offset, Y offset, X component of X translated, Y Component of X translated,X component of Y translated, Y Component of Y translated,X Rotation Point,Y Rotation Point
2.000000,-1.937500,0.994375,-5.000000,-5.300000,1.005082,0.034001,-0.034001,1.005082,115.000000,57.500000
3.000000,2.000000,0.998750,-5.300000,-4.700000,1.000642,-0.034943,0.034943,1.000642,115.000000,57.500000
