Channel Number,Angle of Rotation, Scale, X offset, Y offset, X component of X translated, Y Component of X translated,X component of Y translated, Y Component of Y translated,X Rotation Point,Y Rotation Point
2.000000,-1.968750,0.994375,-5.000000,-5.400000,1.005063,0.034549,-0.034549,1.005063,115.000000,57.500000
3.000000,2.031250,0.996875,-5.200000,-4.600000,1.002504,-0.035556,0.035556,1.002504,115.000000,57.500000
